Time,Pan_Error,Pan_Angle
5.00006,-20.31566,77.77162
8.01070,-4.05036,135.00000
